ID Estación;Estación;Fecha;Precipitación - Valor Crudo;Precipitación - Valor automático;Precipitación - Valor manual;Precipitación - Estado;Precipitación - Observaciones;En mantenimiento;Fecha de generación del archivo CSV
MVD:WeatherObserved:00006;Estación Meteorológica - Centro;1/12/2024 0:04;0;0;;Validado Manual;;;6/1/2025 10:15
MVD:WeatherObserved:00006;Estación Meteorológica - Centro;1/12/2024 0:09;0;0;;Validado Manual;;;
MVD:WeatherObserved:00006;Estación Meteorológica - Centro;1/12/2024 0:14;0;0;;Validado Manual;;;
MVD:WeatherObserved:00006;Estación Meteorológica - Centro;1/12/2024 0:19;0;0;;Validado Manual;;;
MVD:WeatherObserved:00006;Estación Meteorológica - Centro;1/12/2024 0:24;0;0;;Validado Manual;;;
MVD:WeatherObserved:00006;Estación Meteorológica - Centro;1/12/2024 0:29;0;0;;Validado Manual;;;
MVD:WeatherObserved:00006;Estación Meteorológica - Centro;1/12/2024 0:34;0;0;;Validado Manual;;;
MVD:WeatherObserved:00006;Estación Meteorológica - Centro;1/12/2024 0:39;0;0;;Validado Manual;;;
MVD:WeatherObserved:00006;Estación Meteorológica - Centro;1/12/2024 0:44;0;0;;Validado Manual;;;
MVD:WeatherObserved:00006;Estación Meteorológica - Centro;1/12/2024 0:49;0;0;;Validado Manual;;;
MVD:WeatherObserved:00006;Estación Meteorológica - Centro;1/12/2024 0:54;0;0;;Validado Manual;;;
MVD:WeatherObserved:00006;Estación Meteorológica - Centro;1/12/2024 0:59;0;0;;Validado Manual;;;
MVD:WeatherObserved:00006;Estación Meteorológica - Centro;1/12/2024 1:04;0;0;;Validado Manual;;;
MVD:WeatherObserved:00006;Estación Meteorológica - Centro;1/12/2024 1:09;0;0;;Validado Manual;;;
MVD:WeatherObserved:00006;Estación Meteorológica - Centro;1/12/2024 1:14;0;0;;Validado Manual;;;
MVD:WeatherObserved:00006;Estación Meteorológica - Centro;1/12/2024 1:19;0;0;;Validado Manual;;;
MVD:WeatherObserved:00006;Estación Meteorológica - Centro;1/12/2024 1:24;0;0;;Validado Manual;;;
MVD:WeatherObserved:00006;Estación Meteorológica - Centro;1/12/2024 1:29;0;0;;Validado Manual;;;
MVD:WeatherObserved:00006;Estación Meteorológica - Centro;1/12/2024 1:34;0;0;;Validado Manual;;;
MVD:WeatherObserved:00006;Estación Meteorológica - Centro;1/12/2024 1:39;0;0;;Validado Manual;;;
MVD:WeatherObserved:00006;Estación Meteorológica - Centro;1/12/2024 1:44;0;0;;Validado Manual;;;
MVD:WeatherObserved:00006;Estación Meteorológica - Centro;1/12/2024 1:49;0;0;;Validado Manual;;;
MVD:WeatherObserved:00006;Estación Meteorológica - Centro;1/12/2024 1:54;0;0;;Validado Manual;;;
MVD:WeatherObserved:00006;Estación Meteorológica - Centro;1/12/2024 1:59;0;0;;Validado Manual;;;
MVD:WeatherObserved:00006;Estación Meteorológica - Centro;1/12/2024 2:04;0;0;;Validado Manual;;;
MVD:WeatherObserved:00006;Estación Meteorológica - Centro;1/12/2024 2:09;0;0;;Validado Manual;;;
MVD:WeatherObserved:00006;Estación Meteorológica - Centro;1/12/2024 2:14;0;0;;Validado Manual;;;
MVD:WeatherObserved:00006;Estación Meteorológica - Centro;1/12/2024 2:19;0;0;;Validado Manual;;;
MVD:WeatherObserved:00006;Estación Meteorológica - Centro;1/12/2024 2:24;0;0;;Validado Manual;;;
MVD:WeatherObserved:00006;Estación Meteorológica - Centro;1/12/2024 2:29;0;0;;Validado Manual;;;
MVD:WeatherObserved:00006;Estación Meteorológica - Centro;1/12/2024 2:34;0;0;;Validado Manual;;;
MVD:WeatherObserved:00006;Estación Meteorológica - Centro;1/12/2024 2:39;0;0;;Validado Manual;;;
MVD:WeatherObserved:00006;Estación Meteorológica - Centro;1/12/2024 2:44;0;0;;Validado Manual;;;
MVD:WeatherObserved:00006;Estación Meteorológica - Centro;1/12/2024 2:49;0;0;;Validado Manual;;;
MVD:WeatherObserved:00006;Estación Meteorológica - Centro;1/12/2024 2:54;0;0;;Validado Manual;;;
MVD:WeatherObserved:00006;Estación Meteorológica - Centro;1/12/2024 2:59;0;0;;Validado Manual;;;
MVD:WeatherObserved:00006;Estación Meteorológica - Centro;1/12/2024 3:04;0;0;;Validado Manual;;;
MVD:WeatherObserved:00006;Estación Meteorológica - Centro;1/12/2024 3:09;0;0;;Validado Manual;;;
MVD:WeatherObserved:00006;Estación Meteorológica - Centro;1/12/2024 3:14;0;0;;Validado Manual;;;
MVD:WeatherObserved:00006;Estación Meteorológica - Centro;1/12/2024 3:19;0;0;;Validado Manual;;;
MVD:WeatherObserved:00006;Estación Meteorológica - Centro;1/12/2024 3:24;0;0;;Validado Manual;;;
MVD:WeatherObserved:00006;Estación Meteorológica - Centro;1/12/2024 3:29;0;0;;Validado Manual;;;
MVD:WeatherObserved:00006;Estación Meteorológica - Centro;1/12/2024 3:34;0;0;;Validado Manual;;;
MVD:WeatherObserved:00006;Estación Meteorológica - Centro;1/12/2024 3:39;0;0;;Validado Manual;;;
MVD:WeatherObserved:00006;Estación Meteorológica - Centro;1/12/2024 3:44;0;0;;Validado Manual;;;
MVD:WeatherObserved:00006;Estación Meteorológica - Centro;1/12/2024 3:49;0;0;;Validado Manual;;;
MVD:WeatherObserved:00006;Estación Meteorológica - Centro;1/12/2024 3:54;0;0;;Validado Manual;;;
MVD:WeatherObserved:00006;Estación Meteorológica - Centro;1/12/2024 3:59;0;0;;Validado Manual;;;
MVD:WeatherObserved:00006;Estación Meteorológica - Centro;1/12/2024 4:04;0;0;;Validado Manual;;;
MVD:WeatherObserved:00006;Estación Meteorológica - Centro;1/12/2024 4:09;0;0;;Validado Manual;;;
MVD:WeatherObserved:00006;Estación Meteorológica - Centro;1/12/2024 4:14;0;0;;Validado Manual;;;
MVD:WeatherObserved:00006;Estación Meteorológica - Centro;1/12/2024 4:19;0;0;;Validado Manual;;;
MVD:WeatherObserved:00006;Estación Meteorológica - Centro;1/12/2024 4:24;0;0;;Validado Manual;;;
MVD:WeatherObserved:00006;Estación Meteorológica - Centro;1/12/2024 4:29;0;0;;Validado Manual;;;
MVD:WeatherObserved:00006;Estación Meteorológica - Centro;1/12/2024 4:34;0;0;;Validado Manual;;;
MVD:WeatherObserved:00006;Estación Meteorológica - Centro;1/12/2024 4:39;0;0;;Validado Manual;;;
MVD:WeatherObserved:00006;Estación Meteorológica - Centro;1/12/2024 4:44;0;0;;Validado Manual;;;
MVD:WeatherObserved:00006;Estación Meteorológica - Centro;1/12/2024 4:49;0;0;;Validado Manual;;;
MVD:WeatherObserved:00006;Estación Meteorológica - Centro;1/12/2024 4:54;0;0;;Validado Manual;;;
MVD:WeatherObserved:00006;Estación Meteorológica - Centro;1/12/2024 4:59;0;0;;Validado Manual;;;
MVD:WeatherObserved:00006;Estación Meteorológica - Centro;1/12/2024 5:04;0;0;;Validado Manual;;;
MVD:WeatherObserved:00006;Estación Meteorológica - Centro;1/12/2024 5:09;0;0;;Validado Manual;;;
MVD:WeatherObserved:00006;Estación Meteorológica - Centro;1/12/2024 5:14;0;0;;Validado Manual;;;
MVD:WeatherObserved:00006;Estación Meteorológica - Centro;1/12/2024 5:19;0;0;;Validado Manual;;;
MVD:WeatherObserved:00006;Estación Meteorológica - Centro;1/12/2024 5:24;0;0;;Validado Manual;;;
MVD:WeatherObserved:00006;Estación Meteorológica - Centro;1/12/2024 5:29;0;0;;Validado Manual;;;
MVD:WeatherObserved:00006;Estación Meteorológica - Centro;1/12/2024 5:34;0;0;;Validado Manual;;;
MVD:WeatherObserved:00006;Estación Meteorológica - Centro;1/12/2024 5:39;0;0;;Validado Manual;;;
MVD:WeatherObserved:00006;Estación Meteorológica - Centro;1/12/2024 5:44;0;0;;Validado Manual;;;
MVD:WeatherObserved:00006;Estación Meteorológica - Centro;1/12/2024 5:49;0;0;;Validado Manual;;;
MVD:WeatherObserved:00006;Estación Meteorológica - Centro;1/12/2024 5:54;0;0;;Validado Manual;;;
MVD:WeatherObserved:00006;Estación Meteorológica - Centro;1/12/2024 5:59;0;0;;Validado Manual;;;
MVD:WeatherObserved:00006;Estación Meteorológica - Centro;1/12/2024 6:04;0;0;;Validado Manual;;;
MVD:WeatherObserved:00006;Estación Meteorológica - Centro;1/12/2024 6:09;0;0;;Validado Manual;;;
MVD:WeatherObserved:00006;Estación Meteorológica - Centro;1/12/2024 6:14;0;0;;Validado Manual;;;
MVD:WeatherObserved:00006;Estación Meteorológica - Centro;1/12/2024 6:19;0;0;;Validado Manual;;;
MVD:WeatherObserved:00006;Estación Meteorológica - Centro;1/12/2024 6:24;0;0;;Validado Manual;;;
MVD:WeatherObserved:00006;Estación Meteorológica - Centro;1/12/2024 6:29;0;0;;Validado Manual;;;
MVD:WeatherObserved:00006;Estación Meteorológica - Centro;1/12/2024 6:34;0;0;;Validado Manual;;;
MVD:WeatherObserved:00006;Estación Meteorológica - Centro;1/12/2024 6:39;0;0;;Validado Manual;;;
MVD:WeatherObserved:00006;Estación Meteorológica - Centro;1/12/2024 6:44;0;0;;Validado Manual;;;
MVD:WeatherObserved:00006;Estación Meteorológica - Centro;1/12/2024 6:49;0;0;;Validado Manual;;;
MVD:WeatherObserved:00006;Estación Meteorológica - Centro;1/12/2024 6:59;0;0;;Validado Manual;;;
MVD:WeatherObserved:00006;Estación Meteorológica - Centro;1/12/2024 7:04;0;0;;Validado Manual;;;
MVD:WeatherObserved:00006;Estación Meteorológica - Centro;1/12/2024 7:09;0;0;;Validado Manual;;;
MVD:WeatherObserved:00006;Estación Meteorológica - Centro;1/12/2024 7:14;0;0;;Validado Manual;;;
MVD:WeatherObserved:00006;Estación Meteorológica - Centro;1/12/2024 7:19;0;0;;Validado Manual;;;
MVD:WeatherObserved:00006;Estación Meteorológica - Centro;1/12/2024 7:24;0,25;0,25;0,25;Validado Manual;;;
MVD:WeatherObserved:00006;Estación Meteorológica - Centro;1/12/2024 7:29;0,25;0,25;0,25;Validado Manual;;;
MVD:WeatherObserved:00006;Estación Meteorológica - Centro;1/12/2024 7:39;0,25;0,25;0,25;Validado Manual;;;
MVD:WeatherObserved:00006;Estación Meteorológica - Centro;1/12/2024 7:44;0,25;0,25;0,25;Validado Manual;;;
MVD:WeatherObserved:00006;Estación Meteorológica - Centro;1/12/2024 7:49;0,25;0,25;0,25;Validado Manual;;;
MVD:WeatherObserved:00006;Estación Meteorológica - Centro;1/12/2024 7:54;0,25;0,25;0,25;Validado Manual;;;
MVD:WeatherObserved:00006;Estación Meteorológica - Centro;1/12/2024 7:59;0,25;0,25;0,25;Validado Manual;;;
MVD:WeatherObserved:00006;Estación Meteorológica - Centro;1/12/2024 8:04;0,25;0,25;0,25;Validado Manual;;;
MVD:WeatherObserved:00006;Estación Meteorológica - Centro;1/12/2024 8:09;0,25;0,25;0,25;Validado Manual;;;
MVD:WeatherObserved:00006;Estación Meteorológica - Centro;1/12/2024 8:14;0,25;0,25;0,25;Validado Manual;;;
MVD:WeatherObserved:00006;Estación Meteorológica - Centro;1/12/2024 8:19;0,25;0,25;0,25;Validado Manual;;;
MVD:WeatherObserved:00006;Estación Meteorológica - Centro;1/12/2024 8:24;0,25;0,25;0,25;Validado Manual;;;
MVD:WeatherObserved:00006;Estación Meteorológica - Centro;1/12/2024 8:29;0,25;0,25;0,25;Validado Manual;;;
MVD:WeatherObserved:00006;Estación Meteorológica - Centro;1/12/2024 8:34;0,25;0,25;0,25;Validado Manual;;;
MVD:WeatherObserved:00006;Estación Meteorológica - Centro;1/12/2024 8:39;0,25;0,25;0,25;Validado Manual;;;
MVD:WeatherObserved:00006;Estación Meteorológica - Centro;1/12/2024 8:44;0,25;0,25;0,25;Validado Manual;;;
MVD:WeatherObserved:00006;Estación Meteorológica - Centro;1/12/2024 8:49;0,25;0,25;0,25;Validado Manual;;;
MVD:WeatherObserved:00006;Estación Meteorológica - Centro;1/12/2024 8:54;0,25;0,25;0,25;Validado Manual;;;
MVD:WeatherObserved:00006;Estación Meteorológica - Centro;1/12/2024 8:59;0,25;0,25;0,25;Validado Manual;;;
MVD:WeatherObserved:00006;Estación Meteorológica - Centro;1/12/2024 9:04;0,25;0,25;0,25;Validado Manual;;;
MVD:WeatherObserved:00006;Estación Meteorológica - Centro;1/12/2024 9:09;0,25;0,25;0,25;Validado Manual;;;
MVD:WeatherObserved:00006;Estación Meteorológica - Centro;1/12/2024 9:14;0,25;0,25;0,25;Validado Manual;;;
MVD:WeatherObserved:00006;Estación Meteorológica - Centro;1/12/2024 9:19;0,25;0,25;0,25;Validado Manual;;;
MVD:WeatherObserved:00006;Estación Meteorológica - Centro;1/12/2024 9:29;0,25;0,25;0,25;Validado Manual;;;
MVD:WeatherObserved:00006;Estación Meteorológica - Centro;1/12/2024 9:34;0,25;0,25;0,25;Validado Manual;;;
MVD:WeatherObserved:00006;Estación Meteorológica - Centro;1/12/2024 9:44;0,25;0,25;0,25;Validado Manual;;;
MVD:WeatherObserved:00006;Estación Meteorológica - Centro;1/12/2024 9:49;0,25;0,25;0,25;Validado Manual;;;
MVD:WeatherObserved:00006;Estación Meteorológica - Centro;1/12/2024 9:54;0,25;0,25;0,25;Validado Manual;;;
MVD:WeatherObserved:00006;Estación Meteorológica - Centro;1/12/2024 9:59;0,51;0,51;0,51;Validado Manual;;;
MVD:WeatherObserved:00006;Estación Meteorológica - Centro;1/12/2024 10:04;0,51;0,51;0,51;Validado Manual;;;
MVD:WeatherObserved:00006;Estación Meteorológica - Centro;1/12/2024 10:09;0,51;0,51;0,51;Validado Manual;;;
MVD:WeatherObserved:00006;Estación Meteorológica - Centro;1/12/2024 10:14;0,51;0,51;0,51;Validado Manual;;;
MVD:WeatherObserved:00006;Estación Meteorológica - Centro;1/12/2024 10:19;0,51;0,51;0,51;Validado Manual;;;
MVD:WeatherObserved:00006;Estación Meteorológica - Centro;1/12/2024 10:24;0,51;0,51;0,51;Validado Manual;;;
MVD:WeatherObserved:00006;Estación Meteorológica - Centro;1/12/2024 10:29;0,51;0,51;0,51;Validado Manual;;;
MVD:WeatherObserved:00006;Estación Meteorológica - Centro;1/12/2024 10:34;0,76;0,76;0,76;Validado Manual;;;
MVD:WeatherObserved:00006;Estación Meteorológica - Centro;1/12/2024 10:39;0,76;0,76;0,76;Validado Manual;;;
MVD:WeatherObserved:00006;Estación Meteorológica - Centro;1/12/2024 10:44;0,76;0,76;0,76;Validado Manual;;;
MVD:WeatherObserved:00006;Estación Meteorológica - Centro;1/12/2024 10:49;0,76;0,76;0,76;Validado Manual;;;
MVD:WeatherObserved:00006;Estación Meteorológica - Centro;1/12/2024 10:54;0,76;0,76;0,76;Validado Manual;;;
MVD:WeatherObserved:00006;Estación Meteorológica - Centro;1/12/2024 10:59;0,76;0,76;0,76;Validado Manual;;;
MVD:WeatherObserved:00006;Estación Meteorológica - Centro;1/12/2024 11:04;1,02;1,02;1,02;Validado Manual;;;
MVD:WeatherObserved:00006;Estación Meteorológica - Centro;1/12/2024 11:09;2,29;2,29;2,29;Validado Manual;;;
MVD:WeatherObserved:00006;Estación Meteorológica - Centro;1/12/2024 11:14;3,81;3,81;3,81;Validado Manual;;;
MVD:WeatherObserved:00006;Estación Meteorológica - Centro;1/12/2024 11:19;4,06;4,06;4,06;Validado Manual;;;
MVD:WeatherObserved:00006;Estación Meteorológica - Centro;1/12/2024 11:24;7,37;7,37;7,37;Validado Manual;;;
MVD:WeatherObserved:00006;Estación Meteorológica - Centro;1/12/2024 11:29;12,19;12,19;12,19;Validado Manual;;;
MVD:WeatherObserved:00006;Estación Meteorológica - Centro;1/12/2024 11:34;20,83;20,83;20,83;Validado Manual;;;
MVD:WeatherObserved:00006;Estación Meteorológica - Centro;1/12/2024 11:39;28,45;28,45;28,45;Validado Manual;;;
MVD:WeatherObserved:00006;Estación Meteorológica - Centro;1/12/2024 11:44;29,46;29,46;29,46;Validado Manual;;;
MVD:WeatherObserved:00006;Estación Meteorológica - Centro;1/12/2024 11:49;29,97;29,97;29,97;Validado Manual;;;
MVD:WeatherObserved:00006;Estación Meteorológica - Centro;1/12/2024 11:54;30,48;30,48;30,48;Validado Manual;;;
MVD:WeatherObserved:00006;Estación Meteorológica - Centro;1/12/2024 11:59;30,48;30,48;30,48;Validado Manual;;;
MVD:WeatherObserved:00006;Estación Meteorológica - Centro;1/12/2024 12:04;31,24;31,24;31,24;Validado Manual;;;
MVD:WeatherObserved:00006;Estación Meteorológica - Centro;1/12/2024 12:09;31,75;31,75;31,75;Validado Manual;;;
MVD:WeatherObserved:00006;Estación Meteorológica - Centro;1/12/2024 12:14;33,02;33,02;33,02;Validado Manual;;;
MVD:WeatherObserved:00006;Estación Meteorológica - Centro;1/12/2024 12:19;33,53;33,53;33,53;Validado Manual;;;
MVD:WeatherObserved:00006;Estación Meteorológica - Centro;1/12/2024 12:24;35,31;35,31;35,31;Validado Manual;;;
MVD:WeatherObserved:00006;Estación Meteorológica - Centro;1/12/2024 12:29;37,85;37,85;37,85;Validado Manual;;;
MVD:WeatherObserved:00006;Estación Meteorológica - Centro;1/12/2024 12:34;38,35;38,35;38,35;Validado Manual;;;
MVD:WeatherObserved:00006;Estación Meteorológica - Centro;1/12/2024 12:39;38,61;38,61;38,61;Validado Manual;;;
MVD:WeatherObserved:00006;Estación Meteorológica - Centro;1/12/2024 12:44;38,61;38,61;38,61;Validado Manual;;;
MVD:WeatherObserved:00006;Estación Meteorológica - Centro;1/12/2024 12:49;38,61;38,61;38,61;Validado Manual;;;
MVD:WeatherObserved:00006;Estación Meteorológica - Centro;1/12/2024 12:54;38,61;38,61;38,61;Validado Manual;;;
MVD:WeatherObserved:00006;Estación Meteorológica - Centro;1/12/2024 12:59;38,61;38,61;38,61;Validado Manual;;;
MVD:WeatherObserved:00006;Estación Meteorológica - Centro;1/12/2024 13:04;38,61;38,61;38,61;Validado Manual;;;
MVD:WeatherObserved:00006;Estación Meteorológica - Centro;1/12/2024 13:09;38,61;38,61;38,61;Validado Manual;;;
MVD:WeatherObserved:00006;Estación Meteorológica - Centro;1/12/2024 13:14;38,86;38,86;38,86;Validado Manual;;;
MVD:WeatherObserved:00006;Estación Meteorológica - Centro;1/12/2024 13:19;40,13;40,13;40,13;Validado Manual;;;
MVD:WeatherObserved:00006;Estación Meteorológica - Centro;1/12/2024 13:24;40,13;40,13;40,13;Validado Manual;;;
MVD:WeatherObserved:00006;Estación Meteorológica - Centro;1/12/2024 13:29;40,39;40,39;40,39;Validado Manual;;;
MVD:WeatherObserved:00006;Estación Meteorológica - Centro;1/12/2024 13:34;40,39;40,39;40,39;Validado Manual;;;
MVD:WeatherObserved:00006;Estación Meteorológica - Centro;1/12/2024 13:39;40,64;40,64;40,64;Validado Manual;;;
MVD:WeatherObserved:00006;Estación Meteorológica - Centro;1/12/2024 13:44;40,64;40,64;40,64;Validado Manual;;;
MVD:WeatherObserved:00006;Estación Meteorológica - Centro;1/12/2024 13:49;40,64;40,64;40,64;Validado Manual;;;
MVD:WeatherObserved:00006;Estación Meteorológica - Centro;1/12/2024 13:54;40,64;40,64;40,64;Validado Manual;;;
MVD:WeatherObserved:00006;Estación Meteorológica - Centro;1/12/2024 13:59;40,64;40,64;40,64;Validado Manual;;;
MVD:WeatherObserved:00006;Estación Meteorológica - Centro;1/12/2024 14:04;40,64;40,64;40,64;Validado Manual;;;
MVD:WeatherObserved:00006;Estación Meteorológica - Centro;1/12/2024 14:09;40,64;40,64;40,64;Validado Manual;;;
MVD:WeatherObserved:00006;Estación Meteorológica - Centro;1/12/2024 14:14;40,64;40,64;40,64;Validado Manual;;;
MVD:WeatherObserved:00006;Estación Meteorológica - Centro;1/12/2024 14:19;40,64;40,64;40,64;Validado Manual;;;
MVD:WeatherObserved:00006;Estación Meteorológica - Centro;1/12/2024 14:24;40,64;40,64;40,64;Validado Manual;;;
MVD:WeatherObserved:00006;Estación Meteorológica - Centro;1/12/2024 14:29;40,64;40,64;40,64;Validado Manual;;;
MVD:WeatherObserved:00006;Estación Meteorológica - Centro;1/12/2024 14:34;40,64;40,64;40,64;Validado Manual;;;
MVD:WeatherObserved:00006;Estación Meteorológica - Centro;1/12/2024 14:39;40,64;40,64;40,64;Validado Manual;;;
MVD:WeatherObserved:00006;Estación Meteorológica - Centro;1/12/2024 14:49;40,64;40,64;40,64;Validado Manual;;;
MVD:WeatherObserved:00006;Estación Meteorológica - Centro;1/12/2024 14:54;40,64;40,64;40,64;Validado Manual;;;
MVD:WeatherObserved:00006;Estación Meteorológica - Centro;1/12/2024 14:59;40,89;40,89;40,89;Validado Manual;;;
MVD:WeatherObserved:00006;Estación Meteorológica - Centro;1/12/2024 15:04;40,89;40,89;40,89;Validado Manual;;;
MVD:WeatherObserved:00006;Estación Meteorológica - Centro;1/12/2024 15:09;40,89;40,89;40,89;Validado Manual;;;
MVD:WeatherObserved:00006;Estación Meteorológica - Centro;1/12/2024 15:14;40,89;40,89;40,89;Validado Manual;;;
MVD:WeatherObserved:00006;Estación Meteorológica - Centro;1/12/2024 15:19;40,89;40,89;40,89;Validado Manual;;;
MVD:WeatherObserved:00006;Estación Meteorológica - Centro;1/12/2024 15:24;41,4;41,4;41,4;Validado Manual;;;
MVD:WeatherObserved:00006;Estación Meteorológica - Centro;1/12/2024 15:29;41,4;41,4;41,4;Validado Manual;;;
MVD:WeatherObserved:00006;Estación Meteorológica - Centro;1/12/2024 15:34;41,4;41,4;41,4;Validado Manual;;;
MVD:WeatherObserved:00006;Estación Meteorológica - Centro;1/12/2024 15:59;41,66;41,66;41,66;Validado Manual;;;
MVD:WeatherObserved:00006;Estación Meteorológica - Centro;1/12/2024 16:04;41,66;41,66;41,66;Validado Manual;;;
MVD:WeatherObserved:00006;Estación Meteorológica - Centro;1/12/2024 16:19;41,66;41,66;41,66;Validado Manual;;;
MVD:WeatherObserved:00006;Estación Meteorológica - Centro;1/12/2024 16:34;41,66;41,66;41,66;Validado Manual;;;
MVD:WeatherObserved:00006;Estación Meteorológica - Centro;1/12/2024 16:39;41,66;41,66;41,66;Validado Manual;;;
MVD:WeatherObserved:00006;Estación Meteorológica - Centro;1/12/2024 16:44;41,66;41,66;41,66;Validado Manual;;;
MVD:WeatherObserved:00006;Estación Meteorológica - Centro;1/12/2024 16:49;41,66;41,66;41,66;Validado Manual;;;
MVD:WeatherObserved:00006;Estación Meteorológica - Centro;1/12/2024 16:54;41,66;41,66;41,66;Validado Manual;;;
MVD:WeatherObserved:00006;Estación Meteorológica - Centro;1/12/2024 16:59;41,66;41,66;41,66;Validado Manual;;;
MVD:WeatherObserved:00006;Estación Meteorológica - Centro;1/12/2024 17:04;41,66;41,66;41,66;Validado Manual;;;
MVD:WeatherObserved:00006;Estación Meteorológica - Centro;1/12/2024 17:09;41,66;41,66;41,66;Validado Manual;;;
MVD:WeatherObserved:00006;Estación Meteorológica - Centro;1/12/2024 17:14;41,66;41,66;41,66;Validado Manual;;;
MVD:WeatherObserved:00006;Estación Meteorológica - Centro;1/12/2024 17:19;41,66;41,66;41,66;Validado Manual;;;
MVD:WeatherObserved:00006;Estación Meteorológica - Centro;1/12/2024 17:24;41,66;41,66;41,66;Validado Manual;;;
MVD:WeatherObserved:00006;Estación Meteorológica - Centro;1/12/2024 17:29;41,66;41,66;41,66;Validado Manual;;;
MVD:WeatherObserved:00006;Estación Meteorológica - Centro;1/12/2024 17:34;41,66;41,66;41,66;Validado Manual;;;
MVD:WeatherObserved:00006;Estación Meteorológica - Centro;1/12/2024 17:39;41,66;41,66;41,66;Validado Manual;;;
MVD:WeatherObserved:00006;Estación Meteorológica - Centro;1/12/2024 17:44;41,66;41,66;41,66;Validado Manual;;;
MVD:WeatherObserved:00006;Estación Meteorológica - Centro;1/12/2024 17:49;41,66;41,66;41,66;Validado Manual;;;
MVD:WeatherObserved:00006;Estación Meteorológica - Centro;1/12/2024 17:54;41,66;41,66;41,66;Validado Manual;;;
MVD:WeatherObserved:00006;Estación Meteorológica - Centro;1/12/2024 17:59;41,66;41,66;41,66;Validado Manual;;;
MVD:WeatherObserved:00006;Estación Meteorológica - Centro;1/12/2024 18:04;41,66;41,66;41,66;Validado Manual;;;
MVD:WeatherObserved:00006;Estación Meteorológica - Centro;1/12/2024 18:09;41,66;41,66;41,66;Validado Manual;;;
MVD:WeatherObserved:00006;Estación Meteorológica - Centro;1/12/2024 18:14;41,66;41,66;41,66;Validado Manual;;;
MVD:WeatherObserved:00006;Estación Meteorológica - Centro;1/12/2024 18:19;41,66;41,66;41,66;Validado Manual;;;
MVD:WeatherObserved:00006;Estación Meteorológica - Centro;1/12/2024 18:24;41,66;41,66;41,66;Validado Manual;;;
MVD:WeatherObserved:00006;Estación Meteorológica - Centro;1/12/2024 18:29;41,66;41,66;41,66;Validado Manual;;;
MVD:WeatherObserved:00006;Estación Meteorológica - Centro;1/12/2024 18:34;41,66;41,66;41,66;Validado Manual;;;
MVD:WeatherObserved:00006;Estación Meteorológica - Centro;1/12/2024 18:39;41,66;41,66;41,66;Validado Manual;;;
MVD:WeatherObserved:00006;Estación Meteorológica - Centro;1/12/2024 18:44;41,66;41,66;41,66;Validado Manual;;;
MVD:WeatherObserved:00006;Estación Meteorológica - Centro;1/12/2024 18:49;41,66;41,66;41,66;Validado Manual;;;
MVD:WeatherObserved:00006;Estación Meteorológica - Centro;1/12/2024 18:54;41,66;41,66;41,66;Validado Manual;;;
MVD:WeatherObserved:00006;Estación Meteorológica - Centro;1/12/2024 18:59;41,66;41,66;41,66;Validado Manual;;;
MVD:WeatherObserved:00006;Estación Meteorológica - Centro;1/12/2024 19:04;41,66;41,66;41,66;Validado Manual;;;
MVD:WeatherObserved:00006;Estación Meteorológica - Centro;1/12/2024 19:09;41,66;41,66;41,66;Validado Manual;;;
MVD:WeatherObserved:00006;Estación Meteorológica - Centro;1/12/2024 19:14;41,66;41,66;41,66;Validado Manual;;;
MVD:WeatherObserved:00006;Estación Meteorológica - Centro;1/12/2024 19:19;41,66;41,66;41,66;Validado Manual;;;
MVD:WeatherObserved:00006;Estación Meteorológica - Centro;1/12/2024 19:24;41,66;41,66;41,66;Validado Manual;;;
MVD:WeatherObserved:00006;Estación Meteorológica - Centro;1/12/2024 19:29;41,91;41,91;41,91;Validado Manual;;;
MVD:WeatherObserved:00006;Estación Meteorológica - Centro;1/12/2024 19:34;41,91;41,91;41,91;Validado Manual;;;
MVD:WeatherObserved:00006;Estación Meteorológica - Centro;1/12/2024 19:39;41,91;41,91;41,91;Validado Manual;;;
MVD:WeatherObserved:00006;Estación Meteorológica - Centro;1/12/2024 19:44;41,91;41,91;41,91;Validado Manual;;;
MVD:WeatherObserved:00006;Estación Meteorológica - Centro;1/12/2024 19:49;41,91;41,91;41,91;Validado Manual;;;
MVD:WeatherObserved:00006;Estación Meteorológica - Centro;1/12/2024 19:54;41,91;41,91;41,91;Validado Manual;;;
MVD:WeatherObserved:00006;Estación Meteorológica - Centro;1/12/2024 19:59;41,91;41,91;41,91;Validado Manual;;;
MVD:WeatherObserved:00006;Estación Meteorológica - Centro;1/12/2024 20:04;41,91;41,91;41,91;Validado Manual;;;
MVD:WeatherObserved:00006;Estación Meteorológica - Centro;1/12/2024 20:09;41,91;41,91;41,91;Validado Manual;;;
MVD:WeatherObserved:00006;Estación Meteorológica - Centro;1/12/2024 20:14;41,91;41,91;41,91;Validado Manual;;;
MVD:WeatherObserved:00006;Estación Meteorológica - Centro;1/12/2024 20:19;41,91;41,91;41,91;Validado Manual;;;
MVD:WeatherObserved:00006;Estación Meteorológica - Centro;1/12/2024 20:24;41,91;41,91;41,91;Validado Manual;;;
MVD:WeatherObserved:00006;Estación Meteorológica - Centro;1/12/2024 20:29;41,91;41,91;41,91;Validado Manual;;;
MVD:WeatherObserved:00006;Estación Meteorológica - Centro;1/12/2024 20:34;41,91;41,91;41,91;Validado Manual;;;
MVD:WeatherObserved:00006;Estación Meteorológica - Centro;1/12/2024 20:39;41,91;41,91;41,91;Validado Manual;;;
MVD:WeatherObserved:00006;Estación Meteorológica - Centro;1/12/2024 20:44;41,91;41,91;41,91;Validado Manual;;;
MVD:WeatherObserved:00006;Estación Meteorológica - Centro;1/12/2024 20:49;41,91;41,91;41,91;Validado Manual;;;
MVD:WeatherObserved:00006;Estación Meteorológica - Centro;1/12/2024 20:54;41,91;41,91;41,91;Validado Manual;;;
MVD:WeatherObserved:00006;Estación Meteorológica - Centro;1/12/2024 20:59;41,91;41,91;41,91;Validado Manual;;;
MVD:WeatherObserved:00006;Estación Meteorológica - Centro;1/12/2024 21:09;41,91;41,91;41,91;Validado Manual;;;
MVD:WeatherObserved:00006;Estación Meteorológica - Centro;1/12/2024 21:14;42,16;42,16;42,16;Validado Manual;;;
MVD:WeatherObserved:00006;Estación Meteorológica - Centro;1/12/2024 21:19;42,16;42,16;42,16;Validado Manual;;;
MVD:WeatherObserved:00006;Estación Meteorológica - Centro;1/12/2024 21:24;42,16;42,16;42,16;Validado Manual;;;
MVD:WeatherObserved:00006;Estación Meteorológica - Centro;1/12/2024 21:29;42,16;42,16;42,16;Validado Manual;;;
MVD:WeatherObserved:00006;Estación Meteorológica - Centro;1/12/2024 21:34;42,16;42,16;42,16;Validado Manual;;;
MVD:WeatherObserved:00006;Estación Meteorológica - Centro;1/12/2024 21:39;42,16;42,16;42,16;Validado Manual;;;
MVD:WeatherObserved:00006;Estación Meteorológica - Centro;1/12/2024 21:44;42,16;42,16;42,16;Validado Manual;;;
MVD:WeatherObserved:00006;Estación Meteorológica - Centro;1/12/2024 21:55;42,16;42,16;42,16;Validado Manual;;;
MVD:WeatherObserved:00006;Estación Meteorológica - Centro;1/12/2024 22:00;42,16;42,16;42,16;Validado Manual;;;
MVD:WeatherObserved:00006;Estación Meteorológica - Centro;1/12/2024 22:05;42,16;42,16;42,16;Validado Manual;;;
MVD:WeatherObserved:00006;Estación Meteorológica - Centro;1/12/2024 22:10;42,16;42,16;42,16;Validado Manual;;;
MVD:WeatherObserved:00006;Estación Meteorológica - Centro;1/12/2024 22:15;42,16;42,16;42,16;Validado Manual;;;
MVD:WeatherObserved:00006;Estación Meteorológica - Centro;1/12/2024 22:20;42,16;42,16;42,16;Validado Manual;;;
MVD:WeatherObserved:00006;Estación Meteorológica - Centro;1/12/2024 22:25;42,16;42,16;42,16;Validado Manual;;;
MVD:WeatherObserved:00006;Estación Meteorológica - Centro;1/12/2024 22:30;42,16;42,16;42,16;Validado Manual;;;
MVD:WeatherObserved:00006;Estación Meteorológica - Centro;1/12/2024 22:40;42,16;42,16;42,16;Validado Manual;;;
MVD:WeatherObserved:00006;Estación Meteorológica - Centro;1/12/2024 22:50;42,16;42,16;42,16;Validado Manual;;;
MVD:WeatherObserved:00006;Estación Meteorológica - Centro;1/12/2024 22:55;42,16;42,16;42,16;Validado Manual;;;
MVD:WeatherObserved:00006;Estación Meteorológica - Centro;1/12/2024 23:00;42,16;42,16;42,16;Validado Manual;;;
MVD:WeatherObserved:00006;Estación Meteorológica - Centro;1/12/2024 23:05;42,16;42,16;42,16;Validado Manual;;;
MVD:WeatherObserved:00006;Estación Meteorológica - Centro;1/12/2024 23:10;42,16;42,16;42,16;Validado Manual;;;
MVD:WeatherObserved:00006;Estación Meteorológica - Centro;1/12/2024 23:15;42,16;42,16;42,16;Validado Manual;;;
MVD:WeatherObserved:00006;Estación Meteorológica - Centro;1/12/2024 23:30;42,16;42,16;42,16;Validado Manual;;;
MVD:WeatherObserved:00006;Estación Meteorológica - Centro;1/12/2024 23:35;42,16;42,16;42,16;Validado Manual;;;
MVD:WeatherObserved:00006;Estación Meteorológica - Centro;1/12/2024 23:40;42,16;42,16;42,16;Validado Manual;;;
MVD:WeatherObserved:00006;Estación Meteorológica - Centro;1/12/2024 23:45;42,16;42,16;42,16;Validado Manual;;;
MVD:WeatherObserved:00006;Estación Meteorológica - Centro;1/12/2024 23:50;42,16;42,16;42,16;Validado Manual;;;
MVD:WeatherObserved:00006;Estación Meteorológica - Centro;1/12/2024 23:55;49,16;42,16;49,16;Validado Manual;;;
MVD:WeatherObserved:00006;Estación Meteorológica - Centro;2/12/2024 0:00;0;0;;Validado Manual;;;
MVD:WeatherObserved:00006;Estación Meteorológica - Centro;2/12/2024 0:10;;0;;Validado Manual;;;
MVD:WeatherObserved:00006;Estación Meteorológica - Centro;2/12/2024 0:20;;0;;Validado Manual;;;
MVD:WeatherObserved:00006;Estación Meteorológica - Centro;2/12/2024 0:25;;0;;Validado Manual;;;
MVD:WeatherObserved:00006;Estación Meteorológica - Centro;2/12/2024 0:30;;0;;Validado Manual;;;
MVD:WeatherObserved:00006;Estación Meteorológica - Centro;2/12/2024 0:35;;0;;Validado Manual;;;
MVD:WeatherObserved:00006;Estación Meteorológica - Centro;2/12/2024 0:40;23;0;;Validado Manual;;;
MVD:WeatherObserved:00006;Estación Meteorológica - Centro;2/12/2024 0:45;;0;;Validado Manual;;;
MVD:WeatherObserved:00006;Estación Meteorológica - Centro;2/12/2024 0:50;;0;;Validado Manual;;;
MVD:WeatherObserved:00006;Estación Meteorológica - Centro;2/12/2024 0:55;;0;;Validado Manual;;;
MVD:WeatherObserved:00006;Estación Meteorológica - Centro;2/12/2024 1:00;;0;;Validado Manual;;;
MVD:WeatherObserved:00006;Estación Meteorológica - Centro;2/12/2024 1:05;;0;;Validado Manual;;;
MVD:WeatherObserved:00006;Estación Meteorológica - Centro;2/12/2024 1:10;;0;;Validado Manual;;;
MVD:WeatherObserved:00006;Estación Meteorológica - Centro;2/12/2024 1:15;;0;;Validado Manual;;;
MVD:WeatherObserved:00006;Estación Meteorológica - Centro;2/12/2024 1:20;;0;;Validado Manual;;;
MVD:WeatherObserved:00006;Estación Meteorológica - Centro;2/12/2024 1:25;;0;;Validado Manual;;;
MVD:WeatherObserved:00006;Estación Meteorológica - Centro;2/12/2024 1:30;;0;;Validado Manual;;;
MVD:WeatherObserved:00006;Estación Meteorológica - Centro;2/12/2024 1:40;;0;;Validado Manual;;;
MVD:WeatherObserved:00006;Estación Meteorológica - Centro;2/12/2024 1:45;;0;;Validado Manual;;;
MVD:WeatherObserved:00006;Estación Meteorológica - Centro;2/12/2024 1:50;;0;;Validado Manual;;;
MVD:WeatherObserved:00006;Estación Meteorológica - Centro;2/12/2024 1:55;0;0;;Validado Manual;;;
MVD:WeatherObserved:00006;Estación Meteorológica - Centro;2/12/2024 2:00;0;0;;Validado Manual;;;
MVD:WeatherObserved:00006;Estación Meteorológica - Centro;2/12/2024 2:05;0;0;;Validado Manual;;;
MVD:WeatherObserved:00006;Estación Meteorológica - Centro;2/12/2024 2:10;0;0;;Validado Manual;;;
MVD:WeatherObserved:00006;Estación Meteorológica - Centro;2/12/2024 2:15;0;0;;Validado Manual;;;
MVD:WeatherObserved:00006;Estación Meteorológica - Centro;2/12/2024 2:20;0;0;;Validado Manual;;;
MVD:WeatherObserved:00006;Estación Meteorológica - Centro;2/12/2024 2:25;0;0;;Validado Manual;;;
MVD:WeatherObserved:00006;Estación Meteorológica - Centro;2/12/2024 2:30;0;0;;Validado Manual;;;
MVD:WeatherObserved:00006;Estación Meteorológica - Centro;2/12/2024 2:35;0;0;;Validado Manual;;;
MVD:WeatherObserved:00006;Estación Meteorológica - Centro;2/12/2024 2:45;0;0;;Validado Manual;;;
MVD:WeatherObserved:00006;Estación Meteorológica - Centro;2/12/2024 2:50;0;0;;Validado Manual;;;
MVD:WeatherObserved:00006;Estación Meteorológica - Centro;2/12/2024 2:55;0;0;;Validado Manual;;;
MVD:WeatherObserved:00006;Estación Meteorológica - Centro;2/12/2024 3:00;0;0;;Validado Manual;;;
MVD:WeatherObserved:00006;Estación Meteorológica - Centro;2/12/2024 3:05;0;0;;Validado Manual;;;
MVD:WeatherObserved:00006;Estación Meteorológica - Centro;2/12/2024 3:10;0;0;;Validado Manual;;;
MVD:WeatherObserved:00006;Estación Meteorológica - Centro;2/12/2024 3:15;0;0;;Validado Manual;;;
MVD:WeatherObserved:00006;Estación Meteorológica - Centro;2/12/2024 3:20;0;0;;Validado Manual;;;
MVD:WeatherObserved:00006;Estación Meteorológica - Centro;2/12/2024 3:25;0;0;;Validado Manual;;;
MVD:WeatherObserved:00006;Estación Meteorológica - Centro;2/12/2024 3:40;0;0;;Validado Manual;;;
MVD:WeatherObserved:00006;Estación Meteorológica - Centro;2/12/2024 3:45;0;0;;Validado Manual;;;
MVD:WeatherObserved:00006;Estación Meteorológica - Centro;2/12/2024 3:55;0;0;;Validado Manual;;;
MVD:WeatherObserved:00006;Estación Meteorológica - Centro;2/12/2024 4:00;0;0;;Validado Manual;;;
MVD:WeatherObserved:00006;Estación Meteorológica - Centro;2/12/2024 4:05;0;0;;Validado Manual;;;
MVD:WeatherObserved:00006;Estación Meteorológica - Centro;2/12/2024 4:10;0;0;;Validado Manual;;;
MVD:WeatherObserved:00006;Estación Meteorológica - Centro;2/12/2024 4:15;0;0;;Validado Manual;;;
MVD:WeatherObserved:00006;Estación Meteorológica - Centro;2/12/2024 4:20;0;0;;Validado Manual;;;
MVD:WeatherObserved:00006;Estación Meteorológica - Centro;2/12/2024 4:25;0;0;;Validado Manual;;;
MVD:WeatherObserved:00006;Estación Meteorológica - Centro;2/12/2024 4:30;0;0;;Validado Manual;;;
MVD:WeatherObserved:00006;Estación Meteorológica - Centro;2/12/2024 4:35;0;0;;Validado Manual;;;
MVD:WeatherObserved:00006;Estación Meteorológica - Centro;2/12/2024 4:40;0;0;;Validado Manual;;;
MVD:WeatherObserved:00006;Estación Meteorológica - Centro;2/12/2024 4:45;0;0;;Validado Manual;;;
MVD:WeatherObserved:00006;Estación Meteorológica - Centro;2/12/2024 4:55;0;0;;Validado Manual;;;
MVD:WeatherObserved:00006;Estación Meteorológica - Centro;2/12/2024 5:00;0;0;;Validado Manual;;;
MVD:WeatherObserved:00006;Estación Meteorológica - Centro;2/12/2024 5:05;0;0;;Validado Manual;;;
MVD:WeatherObserved:00006;Estación Meteorológica - Centro;2/12/2024 5:10;0;0;;Validado Manual;;;
MVD:WeatherObserved:00006;Estación Meteorológica - Centro;2/12/2024 5:15;0;0;;Validado Manual;;;
MVD:WeatherObserved:00006;Estación Meteorológica - Centro;2/12/2024 5:20;0;0;;Validado Manual;;;
MVD:WeatherObserved:00006;Estación Meteorológica - Centro;2/12/2024 5:25;0;0;;Validado Manual;;;
MVD:WeatherObserved:00006;Estación Meteorológica - Centro;2/12/2024 5:30;0;0;;Validado Manual;;;
MVD:WeatherObserved:00006;Estación Meteorológica - Centro;2/12/2024 5:35;0;0;;Validado Manual;;;
MVD:WeatherObserved:00006;Estación Meteorológica - Centro;2/12/2024 5:40;0;0;;Validado Manual;;;
MVD:WeatherObserved:00006;Estación Meteorológica - Centro;2/12/2024 5:45;0;0;;Validado Manual;;;
MVD:WeatherObserved:00006;Estación Meteorológica - Centro;2/12/2024 5:50;0;0;;Validado Manual;;;
MVD:WeatherObserved:00006;Estación Meteorológica - Centro;2/12/2024 5:55;0;0;;Validado Manual;;;
MVD:WeatherObserved:00006;Estación Meteorológica - Centro;2/12/2024 6:00;0;0;;Validado Manual;;;
MVD:WeatherObserved:00006;Estación Meteorológica - Centro;2/12/2024 6:05;0;0;;Validado Manual;;;
MVD:WeatherObserved:00006;Estación Meteorológica - Centro;2/12/2024 6:10;0;0;;Validado Manual;;;
MVD:WeatherObserved:00006;Estación Meteorológica - Centro;2/12/2024 6:15;0;0;;Validado Manual;;;
MVD:WeatherObserved:00006;Estación Meteorológica - Centro;2/12/2024 6:20;0;0;;Validado Manual;;;
MVD:WeatherObserved:00006;Estación Meteorológica - Centro;2/12/2024 6:25;0;0;;Validado Manual;;;
MVD:WeatherObserved:00006;Estación Meteorológica - Centro;2/12/2024 6:30;0;0;;Validado Manual;;;
MVD:WeatherObserved:00006;Estación Meteorológica - Centro;2/12/2024 6:35;0;0;;Validado Manual;;;
MVD:WeatherObserved:00006;Estación Meteorológica - Centro;2/12/2024 6:40;0;0;;Validado Manual;;;
MVD:WeatherObserved:00006;Estación Meteorológica - Centro;2/12/2024 6:45;0;0;;Validado Manual;;;
MVD:WeatherObserved:00006;Estación Meteorológica - Centro;2/12/2024 6:50;0;0;;Validado Manual;;;
MVD:WeatherObserved:00006;Estación Meteorológica - Centro;2/12/2024 6:55;0;0;;Validado Manual;;;
MVD:WeatherObserved:00006;Estación Meteorológica - Centro;2/12/2024 7:00;0;0;;Validado Manual;;;
MVD:WeatherObserved:00006;Estación Meteorológica - Centro;2/12/2024 7:05;0;0;;Validado Manual;;;
MVD:WeatherObserved:00006;Estación Meteorológica - Centro;2/12/2024 7:10;0;0;;Validado Manual;;;
MVD:WeatherObserved:00006;Estación Meteorológica - Centro;2/12/2024 7:15;0;0;;Validado Manual;;;
MVD:WeatherObserved:00006;Estación Meteorológica - Centro;2/12/2024 7:20;0;0;;Validado Manual;;;
MVD:WeatherObserved:00006;Estación Meteorológica - Centro;2/12/2024 7:25;0;0;;Validado Manual;;;
MVD:WeatherObserved:00006;Estación Meteorológica - Centro;2/12/2024 7:30;0;0;;Validado Manual;;;
MVD:WeatherObserved:00006;Estación Meteorológica - Centro;2/12/2024 7:35;0;0;;Validado Manual;;;
MVD:WeatherObserved:00006;Estación Meteorológica - Centro;2/12/2024 7:40;0;0;;Validado Manual;;;
MVD:WeatherObserved:00006;Estación Meteorológica - Centro;2/12/2024 7:45;0;0;;Validado Manual;;;
MVD:WeatherObserved:00006;Estación Meteorológica - Centro;2/12/2024 7:50;0;0;;Validado Manual;;;
MVD:WeatherObserved:00006;Estación Meteorológica - Centro;2/12/2024 7:55;0;0;;Validado Manual;;;
MVD:WeatherObserved:00006;Estación Meteorológica - Centro;2/12/2024 8:00;0;0;;Validado Manual;;;
MVD:WeatherObserved:00006;Estación Meteorológica - Centro;2/12/2024 8:05;0;0;;Validado Manual;;;
MVD:WeatherObserved:00006;Estación Meteorológica - Centro;2/12/2024 8:10;0;0;;Validado Manual;;;
MVD:WeatherObserved:00006;Estación Meteorológica - Centro;2/12/2024 8:15;0;0;;Validado Manual;;;
MVD:WeatherObserved:00006;Estación Meteorológica - Centro;2/12/2024 8:20;0;0;;Validado Manual;;;
MVD:WeatherObserved:00006;Estación Meteorológica - Centro;2/12/2024 8:25;0;0;;Validado Manual;;;
MVD:WeatherObserved:00006;Estación Meteorológica - Centro;2/12/2024 8:30;0;0;;Validado Manual;;;
MVD:WeatherObserved:00006;Estación Meteorológica - Centro;2/12/2024 8:35;0;0;;Validado Manual;;;
MVD:WeatherObserved:00006;Estación Meteorológica - Centro;2/12/2024 8:40;0;0;;Validado Manual;;;
MVD:WeatherObserved:00006;Estación Meteorológica - Centro;2/12/2024 8:45;0;0;;Validado Manual;;;
MVD:WeatherObserved:00006;Estación Meteorológica - Centro;2/12/2024 8:50;0;0;;Validado Manual;;;
MVD:WeatherObserved:00006;Estación Meteorológica - Centro;2/12/2024 8:55;0;0;;Validado Manual;;;
MVD:WeatherObserved:00006;Estación Meteorológica - Centro;2/12/2024 9:00;0;0;;Validado Manual;;;
MVD:WeatherObserved:00006;Estación Meteorológica - Centro;2/12/2024 9:05;0;0;;Validado Manual;;;
MVD:WeatherObserved:00006;Estación Meteorológica - Centro;2/12/2024 9:10;0;0;;Validado Manual;;;
MVD:WeatherObserved:00006;Estación Meteorológica - Centro;2/12/2024 9:15;0;0;;Validado Manual;;;
MVD:WeatherObserved:00006;Estación Meteorológica - Centro;2/12/2024 9:20;0;0;;Validado Manual;;;
MVD:WeatherObserved:00006;Estación Meteorológica - Centro;2/12/2024 9:25;0;0;;Validado Manual;;;
MVD:WeatherObserved:00006;Estación Meteorológica - Centro;2/12/2024 9:30;0;0;;Validado Manual;;;
MVD:WeatherObserved:00006;Estación Meteorológica - Centro;2/12/2024 9:35;0;0;;Validado Manual;;;
MVD:WeatherObserved:00006;Estación Meteorológica - Centro;2/12/2024 9:40;0;0;;Validado Manual;;;
MVD:WeatherObserved:00006;Estación Meteorológica - Centro;2/12/2024 9:45;0;0;;Validado Manual;;;
MVD:WeatherObserved:00006;Estación Meteorológica - Centro;2/12/2024 9:50;0;0;;Validado Manual;;;
MVD:WeatherObserved:00006;Estación Meteorológica - Centro;2/12/2024 9:55;0;0;;Validado Manual;;;
MVD:WeatherObserved:00006;Estación Meteorológica - Centro;2/12/2024 10:00;0;0;;Validado Manual;;;
MVD:WeatherObserved:00006;Estación Meteorológica - Centro;2/12/2024 10:05;0;0;;Validado Manual;;;
MVD:WeatherObserved:00006;Estación Meteorológica - Centro;2/12/2024 10:10;0;0;;Validado Manual;;;
MVD:WeatherObserved:00006;Estación Meteorológica - Centro;2/12/2024 10:15;0;0;;Validado Manual;;;
MVD:WeatherObserved:00006;Estación Meteorológica - Centro;2/12/2024 10:20;0;0;;Validado Manual;;;
MVD:WeatherObserved:00006;Estación Meteorológica - Centro;2/12/2024 10:25;0;0;;Validado Manual;;;
MVD:WeatherObserved:00006;Estación Meteorológica - Centro;2/12/2024 10:30;0;0;;Validado Manual;;;
MVD:WeatherObserved:00006;Estación Meteorológica - Centro;2/12/2024 10:35;0;0;;Validado Manual;;;
MVD:WeatherObserved:00006;Estación Meteorológica - Centro;2/12/2024 10:40;0;0;;Validado Manual;;;
MVD:WeatherObserved:00006;Estación Meteorológica - Centro;2/12/2024 10:45;0;0;;Validado Manual;;;
MVD:WeatherObserved:00006;Estación Meteorológica - Centro;2/12/2024 10:50;0;0;;Validado Manual;;;
MVD:WeatherObserved:00006;Estación Meteorológica - Centro;2/12/2024 10:55;0;0;;Validado Manual;;;
MVD:WeatherObserved:00006;Estación Meteorológica - Centro;2/12/2024 11:00;0;0;;Validado Manual;;;
MVD:WeatherObserved:00006;Estación Meteorológica - Centro;2/12/2024 11:05;0;0;;Validado Manual;;;
MVD:WeatherObserved:00006;Estación Meteorológica - Centro;2/12/2024 11:10;0;0;;Validado Manual;;;
MVD:WeatherObserved:00006;Estación Meteorológica - Centro;2/12/2024 11:15;0;0;;Validado Manual;;;
MVD:WeatherObserved:00006;Estación Meteorológica - Centro;2/12/2024 11:20;0;0;;Validado Manual;;;
MVD:WeatherObserved:00006;Estación Meteorológica - Centro;2/12/2024 11:25;0;0;;Validado Manual;;;
MVD:WeatherObserved:00006;Estación Meteorológica - Centro;2/12/2024 11:30;0;0;;Validado Manual;;;
MVD:WeatherObserved:00006;Estación Meteorológica - Centro;2/12/2024 11:35;0;0;;Validado Manual;;;
MVD:WeatherObserved:00006;Estación Meteorológica - Centro;2/12/2024 11:40;0;0;;Validado Manual;;;
MVD:WeatherObserved:00006;Estación Meteorológica - Centro;2/12/2024 11:45;0;0;;Validado Manual;;;
MVD:WeatherObserved:00006;Estación Meteorológica - Centro;2/12/2024 11:50;0;0;;Validado Manual;;;
MVD:WeatherObserved:00006;Estación Meteorológica - Centro;2/12/2024 11:55;0;0;;Validado Manual;;;
MVD:WeatherObserved:00006;Estación Meteorológica - Centro;2/12/2024 12:00;0;0;;Validado Manual;;;
MVD:WeatherObserved:00006;Estación Meteorológica - Centro;2/12/2024 12:05;0;0;;Validado Manual;;;
MVD:WeatherObserved:00006;Estación Meteorológica - Centro;2/12/2024 12:10;0;0;;Validado Manual;;;
MVD:WeatherObserved:00006;Estación Meteorológica - Centro;2/12/2024 12:15;0;0;;Validado Manual;;;
MVD:WeatherObserved:00006;Estación Meteorológica - Centro;2/12/2024 12:20;0;0;;Validado Manual;;;
MVD:WeatherObserved:00006;Estación Meteorológica - Centro;2/12/2024 12:25;0;0;;Validado Manual;;;
MVD:WeatherObserved:00006;Estación Meteorológica - Centro;2/12/2024 12:30;0;0;;Validado Manual;;;
MVD:WeatherObserved:00006;Estación Meteorológica - Centro;2/12/2024 12:35;0;0;;Validado Manual;;;
MVD:WeatherObserved:00006;Estación Meteorológica - Centro;2/12/2024 12:40;0;0;;Validado Manual;;;
MVD:WeatherObserved:00006;Estación Meteorológica - Centro;2/12/2024 12:45;0;0;;Validado Manual;;;
MVD:WeatherObserved:00006;Estación Meteorológica - Centro;2/12/2024 12:50;0;0;;Validado Manual;;;
MVD:WeatherObserved:00006;Estación Meteorológica - Centro;2/12/2024 12:55;0;0;;Validado Manual;;;
MVD:WeatherObserved:00006;Estación Meteorológica - Centro;2/12/2024 13:00;0;0;;Validado Manual;;;
MVD:WeatherObserved:00006;Estación Meteorológica - Centro;2/12/2024 13:05;0;0;;Validado Manual;;;
MVD:WeatherObserved:00006;Estación Meteorológica - Centro;2/12/2024 13:10;0;0;;Validado Manual;;;
MVD:WeatherObserved:00006;Estación Meteorológica - Centro;2/12/2024 13:15;0;0;;Validado Manual;;;
MVD:WeatherObserved:00006;Estación Meteorológica - Centro;2/12/2024 13:20;0;0;;Validado Manual;;;
MVD:WeatherObserved:00006;Estación Meteorológica - Centro;2/12/2024 13:25;0;0;;Validado Manual;;;
MVD:WeatherObserved:00006;Estación Meteorológica - Centro;2/12/2024 13:30;0;0;;Validado Manual;;;
MVD:WeatherObserved:00006;Estación Meteorológica - Centro;2/12/2024 13:35;0;0;;Validado Manual;;;
MVD:WeatherObserved:00006;Estación Meteorológica - Centro;2/12/2024 13:40;0;0;;Validado Manual;;;
MVD:WeatherObserved:00006;Estación Meteorológica - Centro;2/12/2024 13:45;0;0;;Validado Manual;;;
MVD:WeatherObserved:00006;Estación Meteorológica - Centro;2/12/2024 13:50;0;0;;Validado Manual;;;
MVD:WeatherObserved:00006;Estación Meteorológica - Centro;2/12/2024 13:55;0;0;;Validado Manual;;;
MVD:WeatherObserved:00006;Estación Meteorológica - Centro;2/12/2024 14:00;0;0;;Validado Manual;;;
MVD:WeatherObserved:00006;Estación Meteorológica - Centro;2/12/2024 14:05;0;0;;Validado Manual;;;
MVD:WeatherObserved:00006;Estación Meteorológica - Centro;2/12/2024 14:10;0;0;;Validado Manual;;;
MVD:WeatherObserved:00006;Estación Meteorológica - Centro;2/12/2024 14:15;0;0;;Validado Manual;;;
MVD:WeatherObserved:00006;Estación Meteorológica - Centro;2/12/2024 14:20;0;0;;Validado Manual;;;
MVD:WeatherObserved:00006;Estación Meteorológica - Centro;2/12/2024 14:25;0;0;;Validado Manual;;;
MVD:WeatherObserved:00006;Estación Meteorológica - Centro;2/12/2024 14:35;0;0;;Validado Manual;;;
MVD:WeatherObserved:00006;Estación Meteorológica - Centro;2/12/2024 14:40;0;0;;Validado Manual;;;
MVD:WeatherObserved:00006;Estación Meteorológica - Centro;2/12/2024 14:45;0;0;;Validado Manual;;;
MVD:WeatherObserved:00006;Estación Meteorológica - Centro;2/12/2024 14:50;0;0;;Validado Manual;;;
MVD:WeatherObserved:00006;Estación Meteorológica - Centro;2/12/2024 14:55;0;0;;Validado Manual;;;
MVD:WeatherObserved:00006;Estación Meteorológica - Centro;2/12/2024 15:00;0;0;;Validado Manual;;;
MVD:WeatherObserved:00006;Estación Meteorológica - Centro;2/12/2024 15:05;0;0;;Validado Manual;;;
MVD:WeatherObserved:00006;Estación Meteorológica - Centro;2/12/2024 15:10;0;0;;Validado Manual;;;
MVD:WeatherObserved:00006;Estación Meteorológica - Centro;2/12/2024 15:15;0;0;;Validado Manual;;;
MVD:WeatherObserved:00006;Estación Meteorológica - Centro;2/12/2024 15:20;0;0;;Validado Manual;;;
MVD:WeatherObserved:00006;Estación Meteorológica - Centro;2/12/2024 15:25;0;0;;Validado Manual;;;
MVD:WeatherObserved:00006;Estación Meteorológica - Centro;2/12/2024 15:30;0;0;;Validado Manual;;;
MVD:WeatherObserved:00006;Estación Meteorológica - Centro;2/12/2024 15:35;0;0;;Validado Manual;;;
MVD:WeatherObserved:00006;Estación Meteorológica - Centro;2/12/2024 15:40;0;0;;Validado Manual;;;
MVD:WeatherObserved:00006;Estación Meteorológica - Centro;2/12/2024 15:45;0;0;;Validado Manual;;;
MVD:WeatherObserved:00006;Estación Meteorológica - Centro;2/12/2024 15:50;0;0;;Validado Manual;;;
MVD:WeatherObserved:00006;Estación Meteorológica - Centro;2/12/2024 15:55;0;0;;Validado Manual;;;
MVD:WeatherObserved:00006;Estación Meteorológica - Centro;2/12/2024 16:00;0;0;;Validado Manual;;;
MVD:WeatherObserved:00006;Estación Meteorológica - Centro;2/12/2024 16:05;0;0;;Validado Manual;;;
MVD:WeatherObserved:00006;Estación Meteorológica - Centro;2/12/2024 16:10;0;0;;Validado Manual;;;
MVD:WeatherObserved:00006;Estación Meteorológica - Centro;2/12/2024 16:15;0;0;;Validado Manual;;;
MVD:WeatherObserved:00006;Estación Meteorológica - Centro;2/12/2024 16:20;0;0;;Validado Manual;;;
MVD:WeatherObserved:00006;Estación Meteorológica - Centro;2/12/2024 16:25;0;0;;Validado Manual;;;
MVD:WeatherObserved:00006;Estación Meteorológica - Centro;2/12/2024 16:30;0;0;;Validado Manual;;;
MVD:WeatherObserved:00006;Estación Meteorológica - Centro;2/12/2024 16:35;0;0;;Validado Manual;;;
MVD:WeatherObserved:00006;Estación Meteorológica - Centro;2/12/2024 16:40;0;0;;Validado Manual;;;
MVD:WeatherObserved:00006;Estación Meteorológica - Centro;2/12/2024 16:45;0;0;;Validado Manual;;;
MVD:WeatherObserved:00006;Estación Meteorológica - Centro;2/12/2024 16:50;0;0;;Validado Manual;;;
MVD:WeatherObserved:00006;Estación Meteorológica - Centro;2/12/2024 16:55;0;0;;Validado Manual;;;
MVD:WeatherObserved:00006;Estación Meteorológica - Centro;2/12/2024 17:00;0;0;;Validado Manual;;;
MVD:WeatherObserved:00006;Estación Meteorológica - Centro;2/12/2024 17:05;0;0;;Validado Manual;;;
MVD:WeatherObserved:00006;Estación Meteorológica - Centro;2/12/2024 17:10;0;0;;Validado Manual;;;
MVD:WeatherObserved:00006;Estación Meteorológica - Centro;2/12/2024 17:15;0;0;;Validado Manual;;;
MVD:WeatherObserved:00006;Estación Meteorológica - Centro;2/12/2024 17:20;0;0;;Validado Manual;;;
MVD:WeatherObserved:00006;Estación Meteorológica - Centro;2/12/2024 17:25;0;0;;Validado Manual;;;
MVD:WeatherObserved:00006;Estación Meteorológica - Centro;2/12/2024 17:30;0;0;;Validado Manual;;;
MVD:WeatherObserved:00006;Estación Meteorológica - Centro;2/12/2024 17:35;0;0;;Validado Manual;;;
MVD:WeatherObserved:00006;Estación Meteorológica - Centro;2/12/2024 17:40;0;0;;Validado Manual;;;
MVD:WeatherObserved:00006;Estación Meteorológica - Centro;2/12/2024 17:45;0;0;;Validado Manual;;;
MVD:WeatherObserved:00006;Estación Meteorológica - Centro;2/12/2024 17:50;0;0;;Validado Manual;;;
MVD:WeatherObserved:00006;Estación Meteorológica - Centro;2/12/2024 17:55;0;0;;Validado Manual;;;
MVD:WeatherObserved:00006;Estación Meteorológica - Centro;2/12/2024 18:00;0;0;;Validado Manual;;;
MVD:WeatherObserved:00006;Estación Meteorológica - Centro;2/12/2024 18:05;0;0;;Validado Manual;;;
MVD:WeatherObserved:00006;Estación Meteorológica - Centro;2/12/2024 18:10;0;0;;Validado Manual;;;
MVD:WeatherObserved:00006;Estación Meteorológica - Centro;2/12/2024 18:15;0;0;;Validado Manual;;;
MVD:WeatherObserved:00006;Estación Meteorológica - Centro;2/12/2024 18:20;0;0;;Validado Manual;;;
MVD:WeatherObserved:00006;Estación Meteorológica - Centro;2/12/2024 18:25;0;0;;Validado Manual;;;
MVD:WeatherObserved:00006;Estación Meteorológica - Centro;2/12/2024 18:30;0;0;;Validado Manual;;;
MVD:WeatherObserved:00006;Estación Meteorológica - Centro;2/12/2024 18:35;0;0;;Validado Manual;;;
MVD:WeatherObserved:00006;Estación Meteorológica - Centro;2/12/2024 18:40;0;0;;Validado Manual;;;
MVD:WeatherObserved:00006;Estación Meteorológica - Centro;2/12/2024 18:50;0;0;;Validado Manual;;;
MVD:WeatherObserved:00006;Estación Meteorológica - Centro;2/12/2024 18:55;0;0;;Validado Manual;;;
MVD:WeatherObserved:00006;Estación Meteorológica - Centro;2/12/2024 19:05;0;0;;Validado Manual;;;
MVD:WeatherObserved:00006;Estación Meteorológica - Centro;2/12/2024 19:10;0;0;;Validado Manual;;;
MVD:WeatherObserved:00006;Estación Meteorológica - Centro;2/12/2024 19:15;0;0;;Validado Manual;;;
MVD:WeatherObserved:00006;Estación Meteorológica - Centro;2/12/2024 19:20;0;0;;Validado Manual;;;
MVD:WeatherObserved:00006;Estación Meteorológica - Centro;2/12/2024 19:25;0;0;;Validado Manual;;;
MVD:WeatherObserved:00006;Estación Meteorológica - Centro;2/12/2024 19:30;0;0;;Validado Manual;;;
MVD:WeatherObserved:00006;Estación Meteorológica - Centro;2/12/2024 19:35;0;0;;Validado Manual;;;
MVD:WeatherObserved:00006;Estación Meteorológica - Centro;2/12/2024 19:40;0;0;;Validado Manual;;;
MVD:WeatherObserved:00006;Estación Meteorológica - Centro;2/12/2024 19:45;0;0;;Validado Manual;;;
MVD:WeatherObserved:00006;Estación Meteorológica - Centro;2/12/2024 19:50;0;0;;Validado Manual;;;
MVD:WeatherObserved:00006;Estación Meteorológica - Centro;2/12/2024 19:55;0;0;;Validado Manual;;;
MVD:WeatherObserved:00006;Estación Meteorológica - Centro;2/12/2024 20:00;0;0;;Validado Manual;;;
MVD:WeatherObserved:00006;Estación Meteorológica - Centro;2/12/2024 20:05;0;0;;Validado Manual;;;
MVD:WeatherObserved:00006;Estación Meteorológica - Centro;2/12/2024 20:10;0;0;;Validado Manual;;;
MVD:WeatherObserved:00006;Estación Meteorológica - Centro;2/12/2024 20:15;0;0;;Validado Manual;;;
MVD:WeatherObserved:00006;Estación Meteorológica - Centro;2/12/2024 20:20;0;0;;Validado Manual;;;
MVD:WeatherObserved:00006;Estación Meteorológica - Centro;2/12/2024 20:25;0;0;;Validado Manual;;;
MVD:WeatherObserved:00006;Estación Meteorológica - Centro;2/12/2024 20:30;0;0;;Validado Manual;;;
MVD:WeatherObserved:00006;Estación Meteorológica - Centro;2/12/2024 20:35;0;0;;Validado Manual;;;
MVD:WeatherObserved:00006;Estación Meteorológica - Centro;2/12/2024 20:40;0;0;;Validado Manual;;;
MVD:WeatherObserved:00006;Estación Meteorológica - Centro;2/12/2024 20:45;0;0;;Validado Manual;;;
MVD:WeatherObserved:00006;Estación Meteorológica - Centro;2/12/2024 20:50;0;0;;Validado Manual;;;
MVD:WeatherObserved:00006;Estación Meteorológica - Centro;2/12/2024 20:55;0;0;;Validado Manual;;;
MVD:WeatherObserved:00006;Estación Meteorológica - Centro;2/12/2024 21:00;0;0;;Validado Manual;;;
MVD:WeatherObserved:00006;Estación Meteorológica - Centro;2/12/2024 21:05;0;0;;Validado Manual;;;
MVD:WeatherObserved:00006;Estación Meteorológica - Centro;2/12/2024 21:10;0;0;;Validado Manual;;;
MVD:WeatherObserved:00006;Estación Meteorológica - Centro;2/12/2024 21:15;0;0;;Validado Manual;;;
MVD:WeatherObserved:00006;Estación Meteorológica - Centro;2/12/2024 21:20;0;0;;Validado Manual;;;
MVD:WeatherObserved:00006;Estación Meteorológica - Centro;2/12/2024 21:25;0;0;;Validado Manual;;;
MVD:WeatherObserved:00006;Estación Meteorológica - Centro;2/12/2024 21:30;0;0;;Validado Manual;;;
MVD:WeatherObserved:00006;Estación Meteorológica - Centro;2/12/2024 21:35;0;0;;Validado Manual;;;
MVD:WeatherObserved:00006;Estación Meteorológica - Centro;2/12/2024 21:40;0;0;;Validado Manual;;;
MVD:WeatherObserved:00006;Estación Meteorológica - Centro;2/12/2024 21:45;0;0;;Validado Manual;;;
MVD:WeatherObserved:00006;Estación Meteorológica - Centro;2/12/2024 21:50;0;0;;Validado Manual;;;
MVD:WeatherObserved:00006;Estación Meteorológica - Centro;2/12/2024 21:55;0;0;;Validado Manual;;;
MVD:WeatherObserved:00006;Estación Meteorológica - Centro;2/12/2024 22:00;0;0;;Validado Manual;;;
MVD:WeatherObserved:00006;Estación Meteorológica - Centro;2/12/2024 22:05;0;0;;Validado Manual;;;
MVD:WeatherObserved:00006;Estación Meteorológica - Centro;2/12/2024 22:10;0;0;;Validado Manual;;;
MVD:WeatherObserved:00006;Estación Meteorológica - Centro;2/12/2024 22:15;0;0;;Validado Manual;;;
MVD:WeatherObserved:00006;Estación Meteorológica - Centro;2/12/2024 22:20;0;0;;Validado Manual;;;
MVD:WeatherObserved:00006;Estación Meteorológica - Centro;2/12/2024 22:25;0;0;;Validado Manual;;;
MVD:WeatherObserved:00006;Estación Meteorológica - Centro;2/12/2024 22:30;0;0;;Validado Manual;;;
MVD:WeatherObserved:00006;Estación Meteorológica - Centro;2/12/2024 22:35;0;0;;Validado Manual;;;
MVD:WeatherObserved:00006;Estación Meteorológica - Centro;2/12/2024 22:40;0;0;;Validado Manual;;;
MVD:WeatherObserved:00006;Estación Meteorológica - Centro;2/12/2024 22:45;0;0;;Validado Manual;;;
MVD:WeatherObserved:00006;Estación Meteorológica - Centro;2/12/2024 22:50;0;0;;Validado Manual;;;
MVD:WeatherObserved:00006;Estación Meteorológica - Centro;2/12/2024 22:55;0;0;;Validado Manual;;;
MVD:WeatherObserved:00006;Estación Meteorológica - Centro;2/12/2024 23:00;0;0;;Validado Manual;;;
MVD:WeatherObserved:00006;Estación Meteorológica - Centro;2/12/2024 23:05;0;0;;Validado Manual;;;
MVD:WeatherObserved:00006;Estación Meteorológica - Centro;2/12/2024 23:10;0;0;;Validado Manual;;;
MVD:WeatherObserved:00006;Estación Meteorológica - Centro;2/12/2024 23:15;0;0;;Validado Manual;;;
MVD:WeatherObserved:00006;Estación Meteorológica - Centro;2/12/2024 23:20;0;0;;Validado Manual;;;
MVD:WeatherObserved:00006;Estación Meteorológica - Centro;2/12/2024 23:25;0;0;;Validado Manual;;;
MVD:WeatherObserved:00006;Estación Meteorológica - Centro;2/12/2024 23:30;0;0;;Validado Manual;;;
MVD:WeatherObserved:00006;Estación Meteorológica - Centro;2/12/2024 23:35;0;0;;Validado Manual;;;
MVD:WeatherObserved:00006;Estación Meteorológica - Centro;2/12/2024 23:40;0;0;;Validado Manual;;;
MVD:WeatherObserved:00006;Estación Meteorológica - Centro;2/12/2024 23:45;0;0;;Validado Manual;;;
MVD:WeatherObserved:00006;Estación Meteorológica - Centro;2/12/2024 23:50;0;0;;Validado Manual;;;
MVD:WeatherObserved:00006;Estación Meteorológica - Centro;2/12/2024 23:55;0;0;;Validado Manual;;;
